ProjectID,TeamExperience,PitchQuality,TokenomicsScore,Traction,CommunityEngagement,PreviousFunding,RaiseSuccessProb,SuccessLabel
66fb4655,4.79,0.1453,0.6265,954,0.0448,94691.3,0.4019,0
0bf673d3,2.99,0.6576,0.6533,100,0.042,44090455.8,0.4476,0
01bce836,2.76,0.4453,0.647,2205,0.0196,434838.63,0.4959,0
c205ca1e,2.76,0.3752,0.7242,698,0.0172,13694.02,0.4218,0
8f1fa8a6,9.3,0.1527,0.5784,2310,0.1479,603882.42,0.5562,0
8d1965b4,5.73,0.5038,0.7074,2058,0.0918,356095.22,0.4796,0
894d231e,2.26,0.1075,0.5658,18,0.0412,19933.93,0.2199,0
c2b95f94,4.94,0.5527,0.4379,67,0.2234,289992.72,0.5141,0
b8af16ac,4.0,0.2294,0.1086,609,0.1253,469912.85,0.2597,0
8b6b7608,0.5,0.8688,0.7959,32,0.0232,1263010.67,0.5491,0
a9736759,1.34,0.268,0.8637,83,0.0347,4668.79,0.3167,0
3aca4b49,4.21,0.3746,0.4339,3430,0.0893,594904.41,0.4108,0
88d1e667,8.73,0.4788,0.3911,179,0.0454,2729992.2,0.513,0
08befc3b,2.78,0.2712,0.1475,1171,0.0239,7098351.68,0.4888,0
b74bd4b1,2.12,0.6323,0.4221,387,0.0656,14014.74,0.2428,0
0dcb5057,3.63,0.4238,0.5239,145,0.0752,121551.76,0.2625,0
ea0a2447,2.01,0.0716,0.2566,33,0.0097,147542.12,0.1621,0
8fcbafe1,2.64,0.126,0.2663,572,0.0335,628466.17,0.2678,0
8a85667f,3.3,0.6641,0.5077,3576,0.0249,117095.11,0.4806,0
f692bb4c,1.28,0.3586,0.4532,152,0.0243,38918.03,0.2584,0
7e600f37,5.94,0.3574,0.2855,447,0.0241,251287.44,0.2304,0
ca89b341,1.07,0.3525,0.7862,41,0.1913,82867.3,0.3345,0
c537b744,0.95,0.1983,0.048,147,0.083,501008.86,0.2812,0
97569cbd,3.87,0.3517,0.7749,673,0.0541,32236.84,0.4527,0
e84fa973,5.63,0.3473,0.295,1231,0.0252,21065.26,0.4185,0
ec696f72,3.8,0.8477,0.4849,929,0.0393,2260011.45,0.4345,0
f596df22,3.04,0.4258,0.5582,19,0.0586,15325907.08,0.5318,0
1fb5e1dd,2.61,0.395,0.4816,203,0.034,6227854.53,0.33,0
19e48799,2.28,0.3833,0.483,95,0.0175,140948.35,0.3856,0
cc318dec,6.88,0.3988,0.4503,254,0.0524,1342782.27,0.4076,0
43065bd6,4.24,0.3524,0.4878,341,0.0129,41251.16,0.3096,0
71e0b54d,2.43,0.5418,0.6553,1997,0.0393,449710.17,0.5385,0
a474ca30,1.87,0.3376,0.6701,628,0.0413,50634.81,0.4536,0
983d3569,5.18,0.6673,0.2276,3384,0.168,2008719.95,0.7566,1
2cc0390e,6.77,0.3255,0.7723,141,0.0389,1539440.25,0.5248,0
53a16dad,6.36,0.6037,0.255,48,0.1325,10343907.14,0.4837,0
044fa346,1.6,0.6361,0.7127,3579,0.019,102887.33,0.6432,1
7bcdaa51,2.6,0.2691,0.6103,773,0.0897,3828820.7,0.4593,0
4b774b34,2.24,0.1311,0.2359,132,0.0345,448171.0,0.2221,0
4c1d2991,2.88,0.7421,0.7196,778,0.0313,189241.06,0.5896,0
939ef6b0,5.9,0.3308,0.6101,1412,0.0483,319332.35,0.5324,0
35642339,8.2,0.4229,0.5635,482,0.0686,4857460.47,0.6299,1
7af73a25,4.36,0.2408,0.3716,135,0.0087,125007.19,0.145,0
d6fd155f,1.93,0.2702,0.5563,208,0.0493,138396.26,0.1467,0
2b84b1e9,3.24,0.7016,0.2799,624,0.0861,2613.89,0.539,0
20b308c2,9.23,0.6824,0.4804,544,0.0322,121285.66,0.4504,0
d65e777b,3.56,0.4639,0.2225,2486,0.0774,276156.73,0.2162,0
6149d4ae,2.62,0.3532,0.8114,267,0.0369,35436.74,0.2462,0
c8cebd1c,2.8,0.5289,0.4958,95,0.1159,21683.13,0.5723,0
296a1bb1,4.34,0.2824,0.4329,19256,0.0222,4013.92,0.4753,0
08c5600d,1.65,0.4411,0.6096,524,0.0364,50549.02,0.3259,0
c7d03949,2.2,0.2015,0.834,1410,0.0852,2792249.76,0.3625,0
12da4d2c,6.3,0.1845,0.3348,883,0.0279,8402.59,0.3149,0
28b86993,4.26,0.4728,0.5929,534,0.0207,788615.77,0.5407,0
e9e5fabe,3.59,0.4364,0.5447,287,0.0271,944766.51,0.3868,0
034cd35e,6.51,0.4168,0.499,6,0.0513,21981752.65,0.3105,0
4b86c419,1.83,0.3096,0.0736,82,0.0332,1298487.09,0.3452,0
503d714a,2.56,0.474,0.6322,661,0.0563,1098173.78,0.456,0
7c3fcf61,4.16,0.2765,0.6878,7,0.0366,339556.12,0.3183,0
89eeeb1d,4.05,0.0684,0.7543,449,0.0327,163034.1,0.4082,0
789311ff,0.85,0.372,0.665,1088,0.0972,894838.94,0.2166,0
e9612907,2.36,0.1721,0.4162,1408,0.05,1977615.82,0.3788,0
36fe16d7,2.93,0.5581,0.2925,990,0.0261,228889.04,0.4349,0
8dac0b98,4.49,0.7028,0.0865,1699,0.0707,2156014.21,0.2882,0
5b26fdd4,4.04,0.7967,0.6612,4485,0.0437,51982755.3,0.447,0
0e532549,3.14,0.3878,0.5161,2088,0.0167,187534.44,0.3558,0
fe2df3bc,0.5,0.2395,0.5018,542,0.0197,198392.62,0.3323,0
1ed9a152,3.27,0.4175,0.3301,330,0.0777,135369.9,0.3805,0
c1a8e6cf,3.49,0.3932,0.1596,479,0.0385,212667.65,0.4808,0
fe8ec9f3,14.6,0.4369,0.8747,267,0.0187,1878925.42,0.6311,1
98e05669,2.86,0.6226,0.7794,2157,0.0645,193708.41,0.4172,0
90b14e1c,4.17,0.306,0.7964,952,0.0614,237602.92,0.4322,0
6da7ce34,7.24,0.4337,0.8213,228,0.0178,98784.96,0.3698,0
63e86ac9,5.68,0.2076,0.542,2940,0.0375,432836.35,0.3867,0
b21d1c9e,8.43,0.365,0.4444,260,0.2204,59492.6,0.5701,0
13bbcc2b,0.87,0.8199,0.4173,98,0.0369,14012.5,0.4688,0
4e9dd577,1.37,0.2469,0.3712,397,0.0139,398452.66,0.2223,0
0810f2bc,2.07,0.5762,0.3817,117,0.039,8527177.24,0.4614,0
45a23fb2,0.72,0.3371,0.5867,1643,0.023,91136.34,0.3024,0
6d609b4a,3.51,0.5846,0.2614,114,0.0113,20284.04,0.0663,0
7916c346,1.48,0.5795,0.5344,339,0.0295,7506531.31,0.3292,0
62d7484d,9.15,0.2117,0.2085,1652,0.0776,178281.92,0.4037,0
627efe76,1.69,0.5316,0.4919,139,0.0395,1076382.63,0.4795,0
9dc83f9f,2.57,0.1302,0.5317,747,0.0434,37875.83,0.4787,0
ba147c3f,5.91,0.1592,0.7873,94,0.0385,165966.48,0.4126,0
e5c3d3da,1.06,0.3939,0.2581,582,0.0465,2679414.27,0.4655,0
c5c79abf,0.67,0.6898,0.3405,945,0.0337,211407.95,0.4829,0
36b68308,3.83,0.4848,0.3771,379,0.0178,216729.3,0.479,0
7580409a,4.05,0.2271,0.6481,424,0.2774,8290.06,0.5026,0
2084b2a9,5.79,0.0717,0.2683,785,0.02,785493.09,0.3346,0
3de5eb26,4.87,0.5174,0.3996,265,0.013,33800.66,0.4989,0
e97e13a6,4.16,0.3817,0.7214,1532,0.0427,1527893.89,0.4126,0
21dd86df,1.87,0.4144,0.6619,3155,0.0435,243960.71,0.2126,0
b810b2b7,3.97,0.4737,0.2881,101,0.0597,291395.94,0.4117,0
e9eb43de,4.15,0.6083,0.4226,5714,0.0226,763053.66,0.5303,0
0576dbac,1.81,0.3693,0.5737,256,0.0126,344737.62,0.2856,0
87c95ff0,10.84,0.711,0.8192,8035,0.0946,5060150.74,0.603,1
3907137b,4.71,0.2445,0.7445,261,0.0354,3686091.34,0.4361,0
e4eb6ed8,1.4,0.1054,0.6329,1166,0.0904,14264.26,0.3885,0
451f2177,5.81,0.6447,0.3831,1156,0.0887,115679.19,0.5312,0
a435207f,6.49,0.1561,0.2951,226,0.0672,867238.9,0.2063,0
d2931d47,4.52,0.4117,0.2374,450,0.0386,24705.82,0.2494,0
f41c9fa1,2.74,0.6999,0.2356,3498,0.0771,7071.86,0.4892,0
901aea98,1.74,0.0999,0.4011,249,0.1626,35581.85,0.2672,0
c32c620c,3.14,0.5078,0.3382,216,0.1769,129271.38,0.4914,0
7f08361e,4.29,0.1007,0.2941,72,0.0537,47.98,0.1491,0
63bc3932,3.37,0.4028,0.2073,4236,0.1751,17539.67,0.4389,0
ac63ed37,8.67,0.0213,0.3037,196,0.0583,4642.13,0.2515,0
e4c7730e,5.22,0.1575,0.9628,2441,0.0679,1612577.74,0.4134,0
5150c7f7,1.57,0.2382,0.6498,164,0.0319,1048590.72,0.4429,0
a4a57586,1.26,0.0881,0.169,2328,0.1912,284113.02,0.1615,0
74aebfee,4.74,0.5272,0.73,1353,0.0168,198793.87,0.525,0
3af596e8,2.79,0.4579,0.3319,286,0.0654,483890.38,0.381,0
ff161ca6,5.54,0.6892,0.202,134,0.0258,22099.93,0.3701,0
958f0312,4.71,0.1684,0.0729,151,0.0164,1994248.79,0.3352,0
e69ecf7f,3.15,0.3269,0.7653,149,0.1141,196033.84,0.4777,0
517048da,1.59,0.1204,0.7004,1994,0.0752,1019883.07,0.4194,0
85f403c3,0.75,0.2657,0.4277,513,0.0494,939244.15,0.3287,0
a9effe0e,3.92,0.728,0.7579,76,0.0822,473652.37,0.7325,1
b076959f,1.04,0.5425,0.1511,276,0.2055,304320.28,0.4868,0
1a13e521,1.53,0.1497,0.502,331,0.141,262204.42,0.4012,0
3d737a2b,3.75,0.0472,0.5065,16,0.0613,143493.66,0.3096,0
86c51116,3.49,0.0429,0.5081,300,0.2868,427587.18,0.2619,0
d14dc732,1.17,0.5475,0.3533,1194,0.0253,245835.63,0.3869,0
d7dfa3a6,6.98,0.2321,0.8193,328,0.0328,61448.72,0.4986,0
1021855d,6.86,0.8722,0.3047,591,0.1076,550966.59,0.64,1
c1b23147,4.85,0.4227,0.8387,834,0.2142,285215.42,0.6241,1
58901904,4.84,0.2428,0.7706,241,0.0517,1829542.28,0.4841,0
c92f3b87,4.85,0.1334,0.5307,1207,0.0867,4355.38,0.5316,0
bae113cf,6.45,0.603,0.1217,3591,0.0794,174982.48,0.4136,0
e85a4a29,5.31,0.27,0.3458,41,0.0643,38184.85,0.3894,0
bdc713f6,1.71,0.478,0.3207,241,0.0173,57800.6,0.4195,0
0b27a216,2.76,0.3923,0.39,13285,0.0851,498568.39,0.4732,0
7cffc916,13.59,0.3946,0.5261,521,0.0368,9208.47,0.5309,0
6177f60e,0.5,0.5767,0.252,383,0.0828,212409.5,0.4008,0
a24e4f19,2.26,0.1363,0.2198,274,0.0808,172970.98,0.1665,0
49537fc0,7.01,0.4446,0.4085,2729,0.0605,19932.38,0.4791,0
5ad4efc5,1.81,0.3212,0.3544,99,0.0218,223271.95,0.3641,0
a64cec83,5.41,0.5642,0.5481,1619,0.0219,35486.0,0.5143,0
df031d81,3.45,0.6027,0.0491,266,0.0282,13189972.53,0.1689,0
c7d3e141,1.92,0.195,0.4346,131,0.0463,1801145.25,0.1361,0
b5112d42,0.5,0.5206,0.6183,285,0.0194,186189.44,0.3343,0
a041654f,3.84,0.1546,0.299,376,0.0537,68631.23,0.2597,0
c9c0e92d,1.68,0.3469,0.6483,191,0.2342,446011.79,0.3358,0
5d3a5a55,3.05,0.3984,0.6338,2141,0.052,755361.59,0.5224,0
7afe85a8,4.81,0.572,0.6433,133,0.0261,270780.87,0.5926,0
44e15cef,6.11,0.5506,0.7298,498,0.088,21369.18,0.6506,1
e22e2cfd,2.25,0.1506,0.589,903,0.0297,107025.72,0.3642,0
cb4df8a4,1.92,0.5208,0.4658,490,0.0876,190237.04,0.5206,0
d5b8f452,1.02,0.4036,0.2963,1285,0.0776,290846.24,0.2895,0
9e15243f,6.31,0.7751,0.0492,211,0.0113,304591.34,0.3793,0
ad418755,12.36,0.2588,0.7622,1027,0.053,701983.0,0.4095,0
0ce9c268,6.77,0.3033,0.4557,1073,0.1279,2381975.1,0.5533,0
2daa51ed,7.79,0.8287,0.7012,1724,0.0686,1233205.47,0.8594,1
6c8f6288,1.82,0.6426,0.4214,24,0.0193,530003.93,0.3451,0
a329418a,4.62,0.1402,0.7251,866,0.0362,13155.46,0.1499,0
435765b3,5.76,0.3341,0.4103,1559,0.0639,1745735.42,0.32,0
1c3428bf,1.33,0.4902,0.4762,218,0.0748,837027.92,0.3286,0
37db3d8f,9.57,0.5858,0.4223,177,0.1452,97578.99,0.3531,0
58970b2a,0.84,0.2064,0.4581,141,0.0503,172728.81,0.175,0
882f3c3b,8.61,0.7065,0.318,86,0.1127,185565.27,0.4902,0
5662b440,0.83,0.1075,0.3684,1095,0.0239,67802.57,0.3214,0
9b1de769,1.39,0.1759,0.4911,12368,0.0209,4934.13,0.1254,0
b7548310,4.67,0.6787,0.6186,175,0.0439,17446.86,0.4345,0
a2f7f44f,3.52,0.3826,0.8636,200,0.0801,26555.32,0.4561,0
e5565d68,2.43,0.4101,0.3205,413,0.0334,3179.06,0.2041,0
695b71e2,9.33,0.5327,0.2295,36,0.0078,17561.56,0.3826,0
b60f1566,1.05,0.2241,0.1231,142,0.0359,1595023.18,0.2123,0
04e6239a,2.96,0.1191,0.3309,370,0.0645,430127.38,0.2275,0
e650ed50,5.09,0.4846,0.4369,106,0.0253,23342.48,0.2903,0
ceff7414,4.11,0.5589,0.5199,2431,0.013,41091.35,0.4939,0
b8379517,1.97,0.414,0.5987,58,0.0798,1901906.29,0.3141,0
a8ac63b1,2.03,0.3221,0.3707,1559,0.114,1810175.6,0.1987,0
33ae344c,6.04,0.1678,0.5861,3651,0.0261,187170.64,0.4044,0
05028545,6.24,0.3104,0.5829,715,0.0199,1705886.35,0.309,0
0caf546a,4.19,0.8094,0.3253,328,0.0236,35178.56,0.2891,0
49c3196c,1.62,0.3283,0.3259,584,0.0279,256457.91,0.3286,0
01af5ca8,2.09,0.326,0.0967,208,0.018,8529.6,0.2075,0
99d16dfb,3.28,0.3713,0.6239,19,0.0602,78539.71,0.2665,0
47b72011,3.65,0.3087,0.4729,93,0.0138,172155.44,0.3509,0
4c4570d5,4.95,0.6835,0.5684,397,0.0264,5596.42,0.525,0
04fda9d6,2.84,0.5623,0.399,98,0.0234,532976.3,0.4101,0
99ec0a7b,5.95,0.2655,0.5213,217,0.0488,744451.71,0.4003,0
85115ec4,5.91,0.3307,0.5596,828,0.0824,1229647.55,0.2796,0
8a13812a,7.97,0.3586,0.4762,501,0.0298,17339432.39,0.5809,0
b1083e29,3.39,0.3997,0.4741,1974,0.0665,374530.57,0.4752,0
5f86d88c,4.24,0.2466,0.6969,627,0.0285,143176.62,0.3053,0
83053675,3.01,0.2621,0.5755,685,0.0367,6606.66,0.3458,0
256c66ab,1.64,0.6854,0.2996,139,0.0394,356434.18,0.4063,0
105728da,12.18,0.7311,0.2363,55,0.1026,498254.21,0.4848,0
fb32d5b3,7.31,0.2689,0.3655,217,0.0775,10807.28,0.5145,0
4509752e,5.82,0.3154,0.3113,136,0.0265,100692.38,0.1255,0
9bb536d8,3.3,0.5289,0.5079,314,0.0755,166419.2,0.2815,0
430fb815,1.51,0.0993,0.0947,82,0.0456,469325.06,0.0,0
53d0671b,6.54,0.6584,0.3456,1428,0.033,902101.95,0.4981,0
b288bdf6,2.97,0.2417,0.4832,135,0.0894,55652.68,0.368,0
66f7ec8e,4.52,0.4981,0.495,234,0.0489,243463.34,0.4588,0
80c5b2e8,2.08,0.0832,0.596,391,0.0617,512712.72,0.2812,0
f4e2e9ae,4.01,0.5211,0.2085,2175,0.0342,113146.82,0.4243,0
2519f38e,2.19,0.5011,0.4769,5642,0.0162,70057.77,0.4077,0
39af7fb0,2.26,0.4795,0.247,6255,0.0853,676818.82,0.4763,0
d3085dbf,3.97,0.1928,0.5987,59,0.0251,114070.08,0.4262,0
69a2de65,0.82,0.2749,0.3111,231,0.0759,14851.09,0.1673,0
af60e19d,0.86,0.4231,0.4069,173,0.0558,2535964.66,0.3239,0
3f730ca7,1.8,0.2644,0.417,703,0.1558,18535.01,0.3121,0
ce8fbbce,2.81,0.2222,0.6353,642,0.016,134724.46,0.5048,0
5c79b416,6.07,0.6543,0.2774,168,0.0187,309751.96,0.3377,0
6b98f7b9,2.94,0.0544,0.1746,149,0.0171,404503.83,0.3081,0
e21c8e76,3.29,0.6981,0.4568,90,0.0153,228486.78,0.2907,0
170104ba,2.64,0.1808,0.3678,8,0.0087,452.93,0.2987,0
33e23d1b,4.24,0.4634,0.5262,58,0.0477,39933.57,0.4654,0
685967da,1.62,0.454,0.8829,1481,0.0394,294366.45,0.4913,0
659e750b,3.06,0.1927,0.5267,3630,0.1653,130850.87,0.476,0
4f04e080,4.48,0.2694,0.5367,3047,0.1821,452857.42,0.3823,0
879bbb2c,3.95,0.569,0.108,1578,0.0516,1255431.6,0.2913,0
8dc421ca,3.37,0.3361,0.7929,88,0.0498,448370.31,0.5896,0
b426177c,3.4,0.8645,0.3736,69,0.0815,37872.05,0.4028,0
f253db59,4.79,0.235,0.6051,27,0.0511,55436.57,0.3918,0
ea817db0,12.56,0.235,0.2575,168,0.0575,4251918.3,0.4997,0
e49805df,1.72,0.169,0.1586,460,0.0292,113752.66,0.3065,0
cac87edf,12.79,0.2451,0.4118,89,0.0845,134481.73,0.4581,0
608ce2b3,1.65,0.3685,0.3213,770,0.0302,451238.8,0.4033,0
b7af6f64,0.5,0.8771,0.3419,1073,0.0476,1932728.49,0.5969,0
c8014d9d,2.15,0.2483,0.4742,198,0.0682,26835.25,0.3354,0
4448ce4f,4.3,0.0565,0.7611,54,0.0445,60340.96,0.3031,0
b5da83ca,10.9,0.2927,0.3645,3202,0.0703,6581.89,0.2849,0
ff77c115,1.51,0.3684,0.7339,425,0.0309,89972.22,0.4421,0
f15f3e57,4.77,0.6877,0.8548,7419,0.025,506452.96,0.7436,1
7a5e0e6b,0.95,0.3959,0.3124,463,0.0362,78552.23,0.2037,0
19242fe3,10.65,0.2858,0.3492,515,0.0086,5496520.68,0.3952,0
a38301e1,7.4,0.2378,0.4215,95,0.0704,205336.1,0.3869,0
65751e51,2.26,0.5145,0.4688,214,0.0814,132649.89,0.548,0
90d7e268,8.19,0.3729,0.6549,39,0.0311,80477.07,0.3039,0
c43aa1d6,3.05,0.5071,0.3774,54,0.0238,10724.52,0.4094,0
f3ef5a80,7.66,0.1632,0.6399,1226,0.0394,135853.91,0.374,0
e2d346a1,3.35,0.3138,0.6799,264,0.0366,333291.65,0.3331,0
5beee337,3.46,0.5604,0.3763,214,0.0419,128522.66,0.3011,0
aa957386,2.3,0.1109,0.6969,133,0.1139,258390.31,0.261,0
e6ef0993,5.21,0.1808,0.3707,226,0.1429,42559.04,0.3592,0
edefb25e,3.65,0.3406,0.8067,2207,0.0589,13501.48,0.4379,0
7c2f84fd,4.85,0.647,0.6478,501,0.1673,131607.94,0.6094,1
50adebb0,0.73,0.7298,0.8585,69,0.0309,253017.48,0.4162,0
f6820484,7.84,0.1975,0.6625,1892,0.1371,116147.7,0.5183,0
36fe810a,9.16,0.5401,0.2657,5364,0.0301,244514.82,0.5205,0
c25629fb,3.64,0.7198,0.9189,847,0.0393,769337.46,0.4734,0
66996ac2,11.99,0.5512,0.6564,1536,0.0632,763499.77,0.7505,1
cab5bd36,10.23,0.3992,0.7326,2518,0.0727,904142.93,0.5973,0
3140ada5,5.29,0.4285,0.2928,34,0.1146,1215482.96,0.4245,0
0a566c51,8.26,0.2262,0.2457,6610,0.0579,439838.93,0.504,0
eb8da2d5,6.88,0.2707,0.5863,2097,0.1301,331920.8,0.5493,0
d79dacf6,0.54,0.3223,0.1215,840,0.0355,7928091.29,0.2735,0
5cb209e5,2.68,0.3127,0.5967,334,0.0399,780148.57,0.457,0
a9769785,5.55,0.2967,0.3455,54,0.1201,30021.41,0.1286,0
838dab8e,9.55,0.1699,0.5957,245,0.0381,3920.23,0.4087,0
ef1c3a1b,0.89,0.7116,0.5052,790,0.0085,100478.09,0.6343,1
16e315b7,0.59,0.3639,0.5485,77,0.0701,567777.02,0.2744,0
2487a5f1,3.19,0.2974,0.3307,363,0.0692,1107815.06,0.4236,0
997aeb4a,0.5,0.13,0.7508,68,0.0295,13347.06,0.4584,0
68527f06,3.11,0.5065,0.8352,227,0.0514,700005.78,0.5718,0
60eb701a,4.37,0.2318,0.2944,53,0.0994,1574379.9,0.3935,0
ebbedbc4,1.45,0.263,0.6465,45,0.0303,549890.14,0.1719,0
ce7002d4,3.17,0.2607,0.1163,672,0.0263,373790.6,0.1765,0
a7b904b3,6.46,0.5253,0.4971,169,0.0176,124788.9,0.5794,0
13eadc25,2.14,0.4476,0.5265,195,0.0256,64860.62,0.471,0
e18f7158,1.68,0.0797,0.2499,156,0.0451,783160.27,0.2668,0
c12901de,3.06,0.6452,0.4292,23973,0.0202,522663.9,0.49,0
d5aac03b,1.31,0.4863,0.7594,1003,0.0164,84603.08,0.4936,0
e209f672,11.41,0.4048,0.792,1179,0.0873,26277213.04,0.7772,1
bd9e0596,3.43,0.2109,0.3618,126,0.062,7945.83,0.2535,0
a3d7d125,1.83,0.6084,0.223,860,0.0959,102307.42,0.4508,0
0e0e756b,3.92,0.3782,0.4129,287,0.1282,34794.19,0.4305,0
0e9ef4ea,3.05,0.2685,0.5941,125,0.0153,350933.41,0.2811,0
a628c237,2.79,0.137,0.4792,7285,0.0429,3301.3,0.2646,0
1155979d,2.14,0.3486,0.4242,953,0.0133,2060651.07,0.5231,0
7f373dd7,2.06,0.6738,0.3061,883,0.0297,1215785.19,0.4876,0
b4ed60ed,0.75,0.2896,0.2819,94,0.1623,277814.49,0.2064,0
42814c29,8.25,0.1154,0.6205,60,0.0628,87496.33,0.3135,0
3284e581,5.05,0.2856,0.3837,370,0.0351,681887.32,0.2535,0
e642c220,4.2,0.2723,0.5314,171,0.035,314083.07,0.4608,0
c15a0c6d,3.01,0.3888,0.0581,1011,0.3913,1092558.87,0.332,0
400f1218,1.42,0.2107,0.3646,1118,0.0285,127400.94,0.2718,0
cd9be924,1.74,0.2452,0.8125,445,0.0464,113215.87,0.4792,0
3b7c2fba,0.84,0.1234,0.7557,1396,0.009,1404897.4,0.197,0
cfbbd8d5,1.93,0.4677,0.3656,539,0.0163,577997.05,0.3667,0
571cb4b0,1.25,0.2366,0.4002,109,0.055,114917.96,0.2706,0
66ae933b,9.86,0.1968,0.1759,300,0.1272,339651.85,0.3073,0
4ea13ca8,6.17,0.604,0.6784,495,0.0422,235538.19,0.4761,0
bed07c4a,3.54,0.6725,0.188,1625,0.0576,414325.59,0.3506,0
464379ce,1.57,0.4675,0.4271,565,0.0155,2061411.39,0.4194,0
1fc44685,1.31,0.7031,0.5615,171,0.0376,80842.59,0.3531,0
5b138180,2.87,0.6116,0.1195,1719,0.0949,44841.72,0.388,0
43806322,6.34,0.347,0.4099,714,0.1358,281414.47,0.3545,0
fa008a15,0.87,0.1666,0.9073,4099,0.0288,55653.07,0.3635,0
b73a747c,5.01,0.2808,0.2887,460,0.0223,26322.09,0.328,0
9f351e6d,1.92,0.2323,0.372,85,0.0289,1187192.76,0.229,0
b2dd8db2,2.23,0.5064,0.5422,2358,0.0364,91636.75,0.5719,0
49a41ab1,3.46,0.3201,0.4749,170,0.0408,3881.1,0.3047,0
edaf4d49,1.62,0.0823,0.8451,628,0.1134,886318.31,0.4814,0
8029824f,2.75,0.2972,0.6961,533,0.077,67757.94,0.3241,0
8ec48583,1.5,0.2049,0.6085,432,0.039,516930.95,0.2645,0
d5ec63e8,2.05,0.3674,0.1404,313,0.0732,1421015.91,0.1285,0
d8141a0f,5.69,0.59,0.4128,34,0.0129,237826.05,0.3527,0
a3870473,3.6,0.134,0.7062,90,0.0205,2776.76,0.2745,0
6d58212e,5.67,0.6599,0.4514,2172,0.0332,3205.62,0.4864,0
74942124,1.9,0.3901,0.3176,768,0.0135,42411.87,0.3941,0
9f921d25,5.03,0.5103,0.4473,7072,0.073,145260.91,0.5421,0
eefc7310,0.65,0.2391,0.5181,85,0.219,1794582.88,0.4452,0
6bb053ea,3.46,0.3549,0.2655,385,0.033,291462.69,0.2336,0
d29afb01,5.27,0.655,0.6029,2310,0.1041,30539963.97,0.5904,0
13b0a7cf,0.62,0.6266,0.1991,173,0.0419,8243.22,0.2137,0
88a8491a,1.92,0.3898,0.3288,195,0.0174,207437.15,0.356,0
1a9f1a02,3.46,0.3104,0.3298,260,0.0329,66773.28,0.4883,0
e501e2e1,6.67,0.4392,0.7211,207,0.0269,260218.25,0.3577,0
c6794814,2.05,0.425,0.3212,896,0.0479,5407778.34,0.4463,0
260a6494,4.9,0.7092,0.2667,28,0.1557,6136885.17,0.534,0
12819e30,8.61,0.2299,0.3869,4741,0.0482,181483.63,0.322,0
c4c73caa,5.06,0.2273,0.349,96,0.0138,911664.91,0.3463,0
0ad4c98b,2.84,0.3072,0.8212,17,0.0145,250471.39,0.3371,0
699b2b15,4.39,0.1714,0.3563,397,0.0509,18947.21,0.2733,0
10c76c28,2.0,0.4754,0.8495,229,0.1461,167483.61,0.4499,0
7556e3f2,3.56,0.0972,0.4099,309,0.0542,59265.41,0.2484,0
8a9d3e16,2.95,0.7445,0.7016,645,0.008,143553.22,0.6605,1
16d1e18e,4.28,0.4547,0.3006,1061,0.0207,29608.78,0.3595,0
4835bfd9,2.38,0.5406,0.7888,5064,0.0369,221969.23,0.4792,0
83fee474,4.46,0.078,0.5201,143,0.0276,299928.83,0.2979,0
d81cedac,2.36,0.525,0.2544,1289,0.0388,665641.28,0.1706,0
38e42fc9,6.13,0.4512,0.8052,1168,0.0138,302464.71,0.4439,0
b9274727,2.56,0.4695,0.3246,8,0.0322,4278947.81,0.4362,0
13adf1b3,0.5,0.349,0.4599,116,0.0539,13051385.83,0.3292,0
85fba14c,1.35,0.5433,0.6182,59,0.0174,72470.62,0.3499,0
4ebe0d0a,3.38,0.2037,0.2639,790,0.029,1132723.62,0.3178,0
666cba0f,9.81,0.4688,0.0795,670,0.1249,11175119.1,0.4955,0
bd304f77,5.97,0.1272,0.8006,690,0.16,1193314.54,0.5708,0
5ecdc32a,0.5,0.1435,0.3518,255,0.0167,683271.1,0.2027,0
0e242d24,0.79,0.7356,0.1664,297,0.0256,4256.86,0.2956,0
f4a1a7c9,7.24,0.2206,0.5717,386,0.4173,53308.34,0.4161,0
55b11408,5.25,0.177,0.4288,221,0.0426,71381.36,0.4122,0
43569827,13.31,0.6513,0.4367,1294,0.0696,2608749.19,0.5989,0
8bc70efd,2.28,0.6543,0.4623,81,0.0875,37751.52,0.6288,1
42ae2ea8,1.59,0.2887,0.7444,125,0.0382,137207.63,0.3541,0
6de455fe,3.52,0.8794,0.6019,484,0.046,873751.17,0.7546,1
f6cfcaa2,2.25,0.2564,0.1933,232,0.0199,34496.09,0.1515,0
4a25e4e3,6.79,0.6257,0.1287,76,0.0535,284412.06,0.2314,0
1c6411c8,2.18,0.4374,0.7272,896,0.0811,219157.69,0.4544,0
80521fe7,2.68,0.2813,0.9672,171,0.0692,940550.15,0.5671,0
6cd95568,1.39,0.5605,0.5425,114,0.0598,607859.03,0.3687,0
5d1861c1,5.69,0.1206,0.4522,311,0.0188,570680.07,0.2573,0
376c0356,1.47,0.4072,0.5393,106,0.0574,243183.2,0.4645,0
e58a2e32,4.52,0.324,0.5226,383,0.0256,5699.24,0.427,0
0cbc3d16,10.91,0.5495,0.4797,235,0.0689,215200.25,0.4232,0
287b827f,0.53,0.4096,0.619,187,0.0367,181790.17,0.2919,0
3be9c6cb,8.88,0.4756,0.4788,189,0.0234,753956.16,0.54,0
5e29f37b,4.11,0.536,0.2677,1796,0.0135,69852.65,0.2309,0
cae86f1d,1.19,0.3258,0.6954,702,0.024,176945.7,0.5045,0
51506e5e,3.62,0.4385,0.3853,31,0.0578,188475.25,0.4025,0
bf3eabab,5.58,0.7833,0.4822,1517,0.0162,39139.63,0.3028,0
618a594a,1.68,0.425,0.6938,876,0.0179,16210.99,0.4212,0
a76e00e8,4.7,0.323,0.6776,801,0.0197,349787.69,0.2363,0
90ac0090,9.37,0.6031,0.7431,1528,0.0324,1221421.8,0.4897,0
63869937,2.18,0.3226,0.6584,413,0.0994,46638.43,0.3398,0
fa0af389,1.38,0.7652,0.667,1023,0.0205,105289.08,0.4068,0
84b31583,3.02,0.6804,0.4264,201,0.112,855206.67,0.6805,1
86443368,3.48,0.2835,0.2536,1439,0.1496,1038634.0,0.4357,0
b4977ab4,7.03,0.2967,0.1385,560,0.0117,258551.7,0.4533,0
c3d5aed2,2.94,0.5771,0.6458,51,0.1173,372653.09,0.4414,0
8868f5ef,2.35,0.6727,0.5717,1909,0.0435,471700.57,0.5165,0
dfcaacf3,1.34,0.614,0.2332,333,0.0166,674730.05,0.5224,0
c2865249,0.63,0.3718,0.4828,270,0.1318,19094.61,0.3826,0
a17bb9dc,0.99,0.3961,0.2566,208,0.0394,7530114.29,0.3795,0
868e0fd8,0.98,0.349,0.7549,232,0.0442,281533.8,0.3115,0
9b2b1164,2.71,0.3753,0.6439,569,0.0184,700580.27,0.3291,0
d658ea4c,0.76,0.2668,0.7398,92,0.1106,35468.19,0.376,0
10f4b738,3.2,0.8084,0.6563,38,0.0302,112217.99,0.5448,0
9c765ea6,10.75,0.5245,0.0966,82,0.0215,345921.59,0.2747,0
fa433dc7,7.17,0.5025,0.8044,715,0.0218,4408.04,0.5529,0
1cc1286d,2.69,0.6615,0.2367,316,0.0228,26841.91,0.248,0
18398221,15.0,0.0983,0.5813,2143,0.0637,38155.65,0.4593,0
eb514cf0,3.49,0.5321,0.6718,366,0.0521,12616.07,0.3114,0
f402e090,3.87,0.6823,0.6755,1428,0.0275,201222.27,0.6795,1
b0a347a6,2.97,0.1594,0.2154,143,0.0816,140341.59,0.2063,0
1991ab5d,3.25,0.6617,0.73,210,0.0127,2806404.32,0.461,0
66f8a3a4,2.12,0.5256,0.4958,409,0.0499,17303.24,0.2836,0
ee141e44,2.72,0.4135,0.491,324,0.1337,260275.71,0.2724,0
4f9e1cac,8.92,0.3878,0.3622,281,0.0234,27996.09,0.4317,0
d36fde45,7.7,0.198,0.6865,109,0.0543,5248.62,0.4695,0
66d56ebb,0.5,0.0705,0.7882,37,0.0129,527343.65,0.3719,0
c6e4c962,0.86,0.6204,0.3682,1040,0.0258,622312.64,0.5569,0
c427bf5e,1.7,0.1747,0.5187,879,0.1165,491018.64,0.5147,0
abfdb4d7,6.38,0.2654,0.7122,161,0.0467,11696.06,0.4897,0
1c42efba,7.81,0.8536,0.2258,712,0.0406,192369.78,0.4527,0
f3c1a2a7,5.57,0.4544,0.6996,314,0.0071,537519.85,0.4918,0
ae0ff8e5,1.19,0.4743,0.7651,2120,0.0595,1092872.87,0.2726,0
d325938e,2.15,0.3135,0.4402,56,0.1298,571825.66,0.387,0
8968ec03,4.76,0.6539,0.8458,334,0.0449,1121601.63,0.5959,0
fd26881d,2.75,0.1244,0.7404,296,0.0957,1376094.1,0.527,0
2005febc,2.46,0.543,0.4218,514,0.0363,200732.82,0.3323,0
b5f9487f,2.49,0.1473,0.2771,4047,0.0193,441114.78,0.3509,0
7c1e6e34,7.31,0.8069,0.2674,335,0.04,1201827.89,0.3956,0
09932619,5.11,0.4991,0.715,1230,0.2583,355134.22,0.5361,0
29a0854d,2.6,0.1903,0.7806,323,0.0172,1790481.19,0.224,0
34ec87f1,4.25,0.3859,0.4611,2011,0.0168,935646.17,0.5558,0
41b3b3f9,1.03,0.5591,0.3991,1248,0.0544,45940.26,0.5044,0
afa3421d,2.16,0.2829,0.5817,245,0.0072,11944.19,0.2803,0
23748e5c,6.84,0.3065,0.7483,220,0.0556,169162.5,0.4713,0
c4b18d9b,0.71,0.648,0.6011,838,0.0259,15332.64,0.4602,0
2c6a1a4b,5.16,0.3768,0.9402,151,0.02,192192.29,0.4238,0
7fb8e0c1,0.5,0.66,0.6953,537,0.2196,160362.99,0.5325,0
d4d4b43d,9.91,0.4471,0.1876,237,0.0608,2195285.08,0.3606,0
b9671a6f,2.12,0.553,0.5739,701,0.0622,446915.73,0.5577,0
97dc49d9,4.47,0.6692,0.6982,317,0.0425,1150687.81,0.5215,0
8a03f221,3.64,0.7161,0.4579,143,0.0308,61133.19,0.6871,1
1f75f24b,3.74,0.1877,0.5128,2117,0.0447,3468859.93,0.3738,0
27d6bc20,4.19,0.546,0.1156,578,0.1461,972179.94,0.3881,0
36d3366a,0.58,0.7777,0.4251,372,0.0482,382650.17,0.5101,0
239bb8e2,3.79,0.6032,0.3668,757,0.2034,4389.11,0.5134,0
b4eaac23,2.88,0.4236,0.4249,33,0.0446,1719389.0,0.3528,0
a0e22f98,2.12,0.6581,0.4963,9277,0.0298,5647198.36,0.5799,0
410a032a,1.7,0.8204,0.6495,419,0.0427,166470.34,0.5585,0
31cf19a3,3.87,0.5397,0.1393,21,0.0342,173424.48,0.214,0
ec5a4cb1,1.39,0.572,0.9008,2430,0.0232,57910.02,0.4394,0
185b75c0,6.76,0.5012,0.6934,131,0.2138,6226.25,0.5559,0
5813be3c,4.71,0.1261,0.8392,1931,0.0475,52881.69,0.5645,0
fcab1bd2,4.04,0.5571,0.3645,484,0.0518,4496630.96,0.2719,0
16657d84,6.57,0.1568,0.7238,38,0.0643,1408481.49,0.2302,0
8fa859a6,0.5,0.5461,0.6278,597,0.035,34703.04,0.2859,0
a7026c15,1.0,0.1125,0.4465,535,0.1612,51186.23,0.3587,0
9bf48ed9,4.86,0.1762,0.3648,2270,0.0463,11642398.29,0.453,0
dcada485,1.79,0.335,0.3114,883,0.0545,21156.23,0.2125,0
b8dbbf0b,1.99,0.2961,0.5932,63,0.0306,38915.54,0.541,0
3b31170d,0.86,0.6306,0.4006,1814,0.1821,68929.31,0.4085,0
6f7a41b3,1.4,0.4344,0.9345,217,0.071,10764.19,0.6026,1
56261199,6.86,0.2035,0.5746,5326,0.0342,55546.7,0.4996,0
6cdfcc21,4.78,0.2661,0.0904,237,0.0156,57261.48,0.1537,0
4248655e,3.83,0.4368,0.4461,294,0.0712,26782.4,0.3358,0
61a0d511,2.06,0.3876,0.4371,118,0.011,2317367.36,0.2607,0
d12f6bea,3.66,0.4907,0.4347,191,0.0415,15777.52,0.2388,0
ebbe0c6d,7.27,0.5522,0.5102,128,0.1202,122534.53,0.4413,0
a28743ea,1.83,0.6571,0.2507,2356,0.0385,28169.57,0.2819,0
b692c539,3.24,0.5122,0.648,55,0.0843,106943.09,0.4091,0
73f49752,10.31,0.382,0.5596,1349,0.0816,25669.79,0.6768,1
b2b61be9,5.52,0.2894,0.3761,1398,0.0628,189432.73,0.4446,0
65bcdbc0,2.08,0.7637,0.6086,3185,0.0377,309565.87,0.4984,0
465cc456,5.21,0.4351,0.4547,431,0.0095,2688149.91,0.3583,0
58fd2883,0.7,0.4974,0.5558,86,0.0963,50151.82,0.3369,0
2f0d414f,3.14,0.3128,0.2116,312,0.0281,4137711.63,0.5157,0
472279ed,5.21,0.3019,0.8863,984,0.0209,32404.2,0.3595,0
4449e946,4.41,0.207,0.233,458,0.033,101109.75,0.2797,0
f1781bb2,5.17,0.4006,0.3559,699,0.045,5550949.24,0.4532,0
bb4f4f40,5.98,0.2636,0.2182,3127,0.2205,54075039.32,0.5344,0
06f65ac7,4.67,0.2979,0.3411,966,0.101,4741542.71,0.3484,0
9be029fe,4.57,0.6022,0.5409,543,0.0854,104069.73,0.3845,0
73ff9344,3.9,0.135,0.0701,25,0.0312,455773.14,0.2086,0
6278f587,1.25,0.2305,0.7233,124,0.032,637477.18,0.4839,0
7018bd15,6.86,0.4952,0.587,220,0.0645,324761.92,0.4449,0
adb73680,3.23,0.5058,0.2958,21,0.0491,21683.5,0.2197,0
e98aefb5,5.42,0.6888,0.2359,76,0.2929,260189.36,0.4478,0
4bd326ef,6.39,0.08,0.5969,270,0.0456,59178.21,0.168,0
f4bce645,2.17,0.6504,0.6164,344,0.0126,23462.87,0.4396,0
3c7b96a0,2.33,0.1903,0.3609,862,0.0191,87313.6,0.4077,0
20b3f636,2.6,0.3371,0.3773,297,0.0112,305792.77,0.4146,0
d2098821,7.74,0.1218,0.1277,585,0.0399,1205935.64,0.2765,0
0e775a66,1.52,0.0305,0.8145,216,0.1112,97943.24,0.4841,0
6d41f184,8.64,0.6632,0.4836,430,0.0275,139076.64,0.7063,1
53e562e5,3.87,0.2082,0.5692,794,0.0233,812489.73,0.4376,0
2a352bb4,4.07,0.5529,0.1643,3674,0.0319,187539.31,0.2472,0
fd9922bb,6.2,0.2813,0.3379,186,0.0347,349096.32,0.1475,0
e367cbed,3.55,0.7027,0.1508,501,0.0484,190220.07,0.5308,0
517d3d41,6.91,0.3127,0.5925,1486,0.0817,244131.76,0.4762,0
bf451f1d,2.17,0.3493,0.6851,47,0.0713,18806.37,0.52,0
52420ca5,8.46,0.2341,0.4885,8077,0.0725,207866.93,0.3136,0
a933953f,2.31,0.1832,0.6102,2365,0.2316,2829823.12,0.3991,0
f87cb1df,8.67,0.6008,0.5373,31,0.0663,228201.17,0.5774,0
34818c3d,2.36,0.3891,0.6712,704,0.0481,30714.75,0.3419,0
d29ba047,2.66,0.0518,0.6854,173,0.0293,3119115.65,0.4193,0
a28f0b91,1.35,0.7236,0.1624,222,0.0362,688825.57,0.3588,0
3f28c172,1.72,0.4629,0.3771,682,0.0545,755591.02,0.3842,0
13aa3509,3.24,0.2049,0.5289,1950,0.0296,715720.19,0.2524,0
fff96a96,3.98,0.1175,0.429,201,0.0563,17107.28,0.2946,0
9b766f6e,6.58,0.2022,0.319,205,0.0964,594579.64,0.5467,0
19a92946,2.81,0.4358,0.6255,705,0.0228,2595425.2,0.4884,0
a062762c,4.42,0.6307,0.3232,951,0.0193,62292.51,0.3478,0
a4ac5495,3.78,0.3311,0.5356,89,0.1589,3438.44,0.4847,0
d75c80a8,4.77,0.92,0.4183,5354,0.0176,338115.59,0.5055,0
cbc888b3,1.94,0.2966,0.2797,154,0.0415,173771.29,0.4476,0
5407496e,2.14,0.3739,0.4296,1715,0.0134,7367.02,0.2237,0
97796934,1.94,0.16,0.6531,794,0.0235,546209.08,0.3792,0
3ceac7b4,7.44,0.3618,0.3399,1002,0.0194,470045.47,0.5536,0
9b069d19,8.51,0.6112,0.5898,158,0.0513,8670.85,0.4067,0
6307e032,2.07,0.7868,0.5124,30,0.0178,7121396.81,0.4795,0
38c4fec4,2.1,0.5721,0.1664,391,0.3677,731053.83,0.5153,0
30b85dd3,5.25,0.081,0.1526,393,0.0457,3712.57,0.0,0
99b5474c,9.14,0.1609,0.3214,96,0.0092,837124.54,0.4115,0
e5eb7ae0,10.45,0.0858,0.2081,1599,0.0965,789892.5,0.3407,0
bb8881b9,1.99,0.2001,0.9449,373,0.0136,2757999.42,0.5697,0
51baec4d,2.43,0.233,0.7048,120,0.0217,46734.98,0.2587,0
9ac1fb29,4.13,0.2228,0.4226,970,0.0873,861651.44,0.2206,0
3560da3d,4.27,0.5061,0.4268,1010,0.0115,101386.6,0.3651,0
0831c6b6,2.9,0.1544,0.4103,138,0.0319,53478.26,0.2062,0
df720573,1.67,0.5127,0.6796,2566,0.0251,28853.51,0.4472,0
003cf529,3.25,0.5618,0.457,11671,0.047,3618.13,0.4117,0
6ea7994f,10.45,0.3139,0.4772,79,0.0238,479667.29,0.2058,0
c0ae3f98,2.17,0.6737,0.6831,306,0.0464,94268.45,0.4896,0
9ec4df3b,3.95,0.5715,0.3583,669,0.023,692.12,0.4014,0
2aff6b36,15.0,0.233,0.1479,12337,0.0591,189228.47,0.4242,0
2fe87107,2.14,0.4558,0.7512,134,0.0432,1649023.25,0.4794,0
c58ae114,5.42,0.298,0.5942,99,0.0458,11920.67,0.3673,0
93a63f3e,10.74,0.5677,0.6199,98,0.1003,39136.15,0.3817,0
cf7ad98f,5.1,0.5311,0.6792,2520,0.0844,393109.48,0.5054,0
4b6ca772,7.09,0.482,0.6719,140,0.0624,974.81,0.4553,0
aaa51a6b,5.93,0.1265,0.3159,113,0.0253,55973.71,0.2379,0
2dc8e331,4.82,0.2526,0.1996,570,0.1149,325530.9,0.1639,0
a2a54841,8.33,0.2326,0.7562,641,0.0424,52984.99,0.5694,0
96e045a7,5.3,0.0716,0.5038,2011,0.0506,12136.63,0.2252,0
8b549bc4,2.92,0.1482,0.0549,463,0.0461,13357.36,0.0743,0
f4c7e988,3.73,0.1737,0.5941,586,0.0489,6475.45,0.3343,0
e9264465,4.38,0.312,0.2298,344,0.0518,45886.64,0.2684,0
ccd7b078,2.42,0.5447,0.366,57,0.0363,1346910.35,0.4273,0
4bc1459a,3.85,0.2559,0.4451,299,0.0366,18325084.31,0.451,0
2fa3311e,3.45,0.3446,0.4828,443,0.0435,174969.24,0.443,0
d475cf3f,5.29,0.2944,0.869,207,0.0101,756529.76,0.455,0
976bc50a,12.62,0.3586,0.1897,39,0.0378,24793.97,0.3996,0
0d92eb59,4.02,0.3664,0.6188,74,0.0401,2481.69,0.1987,0
233b52e8,9.29,0.6517,0.4652,380,0.0294,6604211.79,0.6475,1
b1a1cd95,5.16,0.3072,0.3144,1635,0.0114,49503.69,0.3076,0
c732f55c,3.84,0.6394,0.6601,5031,0.1065,685166.11,0.768,1
b9701e40,2.31,0.3799,0.5555,306,0.0337,223445.4,0.4931,0
6b868091,3.86,0.3528,0.2568,138,0.1107,1189664.46,0.3073,0
f546a8a6,3.69,0.8128,0.6436,231,0.1273,1097115.83,0.574,0
09f5eb82,1.83,0.6609,0.4745,84,0.0488,283637.22,0.5397,0
67d4547a,2.09,0.0682,0.7683,1315,0.0559,353473.01,0.1331,0
f618a92b,4.41,0.4446,0.6245,9961,0.0264,1839803.19,0.4973,0
719d35c8,9.23,0.1622,0.5999,143,0.1686,71726.41,0.5646,0
72418f95,3.17,0.4182,0.4469,67,0.0394,3653623.32,0.4527,0
9b7f1d9e,0.82,0.2175,0.8193,1826,0.0275,39509.15,0.3089,0
cd65c19b,1.33,0.43,0.4788,650,0.0127,189692.55,0.4075,0
6764e60a,5.52,0.8054,0.1193,667,0.0213,572838.85,0.342,0
6464a3b6,1.0,0.5118,0.5055,4369,0.0581,6259.24,0.3867,0
364bf74b,6.13,0.2873,0.6174,52,0.0868,2581022.18,0.4331,0
a78cc046,5.31,0.2887,0.4077,50,0.084,421595.53,0.3812,0
6ce908be,3.08,0.6537,0.3638,317,0.0588,119873045.75,0.5414,0
5168ef51,1.85,0.5143,0.5057,444,0.2874,10442400.23,0.5984,0
2af0388e,2.75,0.6844,0.1346,237,0.0227,159244.77,0.2374,0
1704bbec,4.33,0.5047,0.7076,16174,0.0483,5787282.55,0.5741,0
fbf908e1,1.03,0.3988,0.5347,253,0.01,886177.59,0.2856,0
8673eacc,8.62,0.555,0.8908,177,0.1249,258387.15,0.5503,0
9472a1bb,4.3,0.8217,0.7045,486,0.0311,5891.55,0.4858,0
5302295f,4.66,0.3908,0.443,1731,0.0643,9442.06,0.4447,0
6ac3b4a6,5.28,0.2678,0.3362,136,0.0188,164183.59,0.4142,0
e6869626,8.08,0.2614,0.672,324,0.0123,60431.8,0.53,0
fe48067d,3.87,0.5153,0.7024,1806,0.0214,255346.94,0.3947,0
7f984be5,5.52,0.3073,0.2786,1963,0.1521,2532556.09,0.3823,0
fecaf780,1.87,0.3473,0.3008,559,0.076,917966.72,0.2196,0
ce50d59d,10.48,0.6659,0.8104,15178,0.0484,40434.06,0.563,0
eb7a0acc,3.68,0.1876,0.584,7871,0.0307,1035003.94,0.343,0
ad781992,1.87,0.3839,0.5017,49,0.0542,26157.87,0.3553,0
69a84471,2.31,0.663,0.4951,32,0.031,16572.82,0.4456,0
13cb9a3d,0.5,0.4623,0.7552,1331,0.0611,349156.01,0.5346,0
916637a1,2.3,0.4226,0.4102,3128,0.0146,31920.22,0.4423,0
0374d3ba,0.5,0.5431,0.4603,288,0.0514,45085.16,0.2935,0
600bb00a,5.8,0.4194,0.3366,190,0.1038,1188192.89,0.5076,0
e40f010a,4.56,0.333,0.3007,118,0.0429,606383.18,0.4019,0
7901a722,1.41,0.0745,0.4626,70,0.0403,77372.65,0.1855,0
84aa6d75,3.21,0.5529,0.9578,2218,0.0387,6309.44,0.5193,0
5b5c1bb4,3.32,0.1268,0.5713,228,0.1407,37409.33,0.2501,0
cd7888a0,1.15,0.551,0.6457,634,0.0188,7914095.91,0.3495,0
c65c16e8,2.79,0.0717,0.2776,26,0.0576,1124760.67,0.2723,0
2cccf936,3.4,0.2231,0.6185,1814,0.0187,2805751.29,0.4864,0
a0dce398,2.73,0.4726,0.5608,974,0.0227,271590.17,0.342,0
6a51f835,1.86,0.3496,0.4412,54,0.0232,80652.37,0.178,0
e7251967,1.36,0.3034,0.7126,595,0.0115,994887.69,0.3084,0
547c326f,2.66,0.8317,0.8368,406,0.0577,2113124.16,0.6368,1
4131d4f5,2.07,0.6012,0.4402,205,0.0126,62349.83,0.2587,0
db346e93,5.04,0.08,0.6172,5,0.0351,39088.77,0.362,0
80b4cf03,8.41,0.6981,0.7668,150,0.0335,7765.77,0.6694,1
589eb557,6.34,0.4939,0.8742,635,0.048,37166.01,0.5818,0
868d65bb,3.49,0.2699,0.6323,177,0.0395,620225.1,0.4558,0
ff71706d,1.93,0.5501,0.7127,289,0.1117,49388.76,0.4751,0
d04166d8,6.22,0.3703,0.5894,3809,0.025,1049117.72,0.5261,0
e4094a3b,5.26,0.5979,0.6118,359,0.3334,8321473.71,0.4347,0
9e0fe494,8.02,0.1935,0.4187,17,0.0556,171038.01,0.4434,0
a8d63f84,3.87,0.2555,0.6024,306,0.2559,157544.07,0.3515,0
8d5bb78e,10.12,0.1591,0.4248,468,0.0866,487586.53,0.3735,0
bfd2e13a,3.87,0.2397,0.6817,117,0.0399,51595.77,0.6051,1
353f0248,1.92,0.2619,0.2978,1215,0.0156,44594.19,0.2707,0
70ddd85b,2.23,0.4661,0.5882,45,0.0051,47334.02,0.44,0
f0409577,4.87,0.2176,0.3757,328,0.0296,16462.58,0.352,0
88ebac21,2.06,0.3736,0.4029,44,0.0338,984189.46,0.1829,0
3e383890,10.08,0.6204,0.848,259,0.0372,60285.09,0.4998,0
47e51c0d,4.59,0.5097,0.6728,1167,0.0717,1502699.7,0.719,1
5b6303bf,3.43,0.3213,0.2959,317,0.0618,469097.53,0.3818,0
1361babb,3.65,0.025,0.645,290,0.0315,155505.87,0.2988,0
23675098,2.71,0.3881,0.6823,421,0.0734,821803.47,0.3844,0
02f9dd34,0.61,0.3059,0.5728,453,0.0168,24663.43,0.3658,0
e3b742e8,2.23,0.1678,0.7385,1142,0.0141,34173.01,0.4036,0
cb751e17,9.27,0.4112,0.5361,1153,0.0446,678198.28,0.5126,0
94dfeb0e,3.95,0.6156,0.3792,3403,0.0254,2015.57,0.5394,0
d86a3265,6.83,0.2253,0.3765,519,0.0132,167581.04,0.2579,0
252b5865,6.97,0.5467,0.5692,33,0.0466,530197.38,0.3523,0
b58f8fab,3.23,0.3321,0.6778,1461,0.0134,2239505.08,0.5485,0
44096e66,5.32,0.4369,0.442,3056,0.0629,3371806.9,0.676,1
e101755a,0.7,0.6093,0.4189,16196,0.063,125420.52,0.5528,0
a403f6e4,8.78,0.0224,0.3173,3560,0.0264,759589.21,0.4702,0
68d5de74,8.32,0.1726,0.4409,193,0.0062,32574.98,0.3217,0
d0657587,4.78,0.0588,0.4642,534,0.0256,67038.82,0.3162,0
faf5c619,4.05,0.1684,0.4169,269,0.0863,2508814.85,0.3513,0
4da2485c,3.27,0.4467,0.2249,219,0.1312,150270.36,0.3306,0
50509b73,7.37,0.9076,0.786,340,0.2326,223989.74,0.834,1
bdd5c908,5.75,0.3346,0.8374,2776,0.0791,20614.04,0.609,1
e721c893,2.48,0.6588,0.3724,37,0.0465,378940.44,0.3478,0
25879c84,1.2,0.4326,0.5907,90,0.0182,735354.94,0.2136,0
450eb452,0.98,0.3496,0.3145,2513,0.0217,691104.14,0.3375,0
69f81318,7.32,0.7079,0.3598,3571,0.118,14433.08,0.4013,0
92dabaac,3.21,0.6465,0.0576,150,0.0526,1202470.43,0.3438,0
a9fbf8ab,4.72,0.1787,0.3875,4799,0.0536,22110.3,0.2355,0
3d487e3a,3.54,0.7106,0.6011,1744,0.0177,154379.63,0.658,1
df14fb7e,1.0,0.0087,0.4385,270,0.0426,6398.13,0.2735,0
79352b40,0.71,0.3166,0.4864,10,0.0499,113670.97,0.3341,0
1973bcf5,2.35,0.389,0.7203,33,0.0174,21869.04,0.4734,0
5f30773e,2.51,0.3218,0.5129,150,0.0313,66322.58,0.3731,0
0b8d28a0,2.51,0.3895,0.33,1261,0.0133,183472.65,0.4068,0
3c383759,2.57,0.2486,0.6686,1267,0.0438,851240.19,0.5476,0
f7238ab3,12.08,0.3616,0.3866,200,0.0961,794769.12,0.4333,0
6544089b,6.76,0.6029,0.856,285,0.0284,1518.39,0.5976,0
4ff984ec,3.99,0.4573,0.4401,384,0.0094,631994.86,0.2954,0
20266da6,3.15,0.7993,0.2511,291,0.0876,245868.67,0.448,0
26cb414c,3.24,0.4126,0.4116,516,0.0278,53082.08,0.5899,0
f68c4705,5.61,0.3558,0.5313,386,0.0345,27978.33,0.4732,0
af894b07,3.13,0.8903,0.7852,33,0.0593,143651.24,0.565,0
b7eef868,6.3,0.6331,0.4034,295,0.0216,258124.17,0.4842,0
ccad5fe5,4.31,0.5207,0.2246,390,0.0965,346543.82,0.3755,0
dd3393cf,12.16,0.0967,0.2563,1781,0.0253,109690.7,0.3812,0
75b16263,2.99,0.7446,0.1949,116,0.2792,1044.77,0.3436,0
5ca8f1a8,7.09,0.5852,0.5984,548,0.157,60439.22,0.5732,0
a214781b,1.3,0.1946,0.4176,938,0.0239,15254.28,0.3363,0
55710129,1.97,0.4822,0.6327,323,0.0887,9923755.01,0.4632,0
6174ce0a,11.12,0.1915,0.7025,29,0.0391,183253.47,0.419,0
b4fb2e85,6.12,0.6955,0.4102,1836,0.0299,716576.31,0.5502,0
ce8137df,4.78,0.6944,0.7395,1237,0.0177,579693.15,0.5277,0
522cddad,14.19,0.6896,0.1195,569,0.0534,302748.27,0.5452,0
75c89c61,3.19,0.2897,0.5823,429,0.0221,70796.49,0.4427,0
3081dc0d,7.08,0.6268,0.7071,28,0.0286,54849.15,0.6399,1
1defe4f3,7.43,0.1218,0.434,1289,0.0385,2860.68,0.3571,0
ac2d6f62,9.58,0.394,0.3795,3750,0.1225,216292.36,0.4195,0
7bbe8a97,1.16,0.3288,0.8056,76,0.0632,296784.59,0.3831,0
e7d0d2c7,3.17,0.2909,0.29,3034,0.0573,147907.2,0.2282,0
53f21f70,4.26,0.1638,0.5221,2202,0.0549,216824.54,0.4378,0
05adc3a9,9.48,0.416,0.327,73,0.0279,14576.7,0.1601,0
0f0079c7,4.65,0.1948,0.4055,223,0.0354,90391.49,0.4063,0
50a11a9f,7.44,0.2947,0.2974,50,0.0758,44368.83,0.4268,0
b513b800,1.06,0.5394,0.8463,366,0.1435,615390.21,0.2237,0
a2a9d17f,2.62,0.3868,0.3265,790,0.0231,176657.6,0.4723,0
127186a7,8.3,0.3171,0.3294,56,0.0336,45268.86,0.4332,0
0b639980,2.91,0.2099,0.6206,720,0.058,118195.84,0.3345,0
587d0187,3.37,0.4941,0.4944,1052,0.0298,20352.33,0.2969,0
464cb201,9.38,0.5169,0.3831,1075,0.029,84427.61,0.3831,0
1ed12df2,1.59,0.2538,0.3675,798,0.0602,521974.45,0.243,0
0f9eafa8,1.94,0.3159,0.5284,64,0.0111,11332.28,0.4316,0
dc2c783d,0.95,0.417,0.3539,336,0.073,144017.02,0.2888,0
e9845996,9.62,0.1843,0.6449,684,0.0545,36320.23,0.5114,0
61bd5e2b,6.68,0.4494,0.6217,3610,0.1288,11348.45,0.4882,0
11311950,6.57,0.1782,0.569,405,0.3426,6787458.97,0.4459,0
580dfe2e,2.56,0.2163,0.5161,764,0.0307,1997781.83,0.1978,0
2a002177,0.88,0.0132,0.4384,100,0.0568,49211.04,0.0891,0
13fac69f,0.63,0.2024,0.4721,71,0.0229,91168.23,0.3868,0
c5742833,8.34,0.0787,0.4687,59,0.0142,2851.24,0.2561,0
930a7401,5.01,0.2631,0.0305,215,0.0163,6734.68,0.2515,0
966b07fb,5.7,0.2571,0.3344,8894,0.0385,17050.64,0.5513,0
dec1ad6b,4.11,0.0873,0.5071,221,0.2896,152181.63,0.3171,0
d8a550ea,1.74,0.3447,0.4541,697,0.0346,129386.2,0.3326,0
071d529e,2.66,0.7308,0.8499,930,0.0382,315983.06,0.715,1
e81f8bdd,1.38,0.8296,0.3355,78,0.0193,632360.75,0.4284,0
8f299c8c,1.22,0.088,0.2893,210,0.0541,283798.16,0.2546,0
6b2bbbc0,6.31,0.4635,0.4472,1029,0.0462,18716.94,0.5268,0
ce91cecf,0.7,0.4822,0.6367,767,0.0175,311155.13,0.4313,0
fb8d52f1,1.39,0.5346,0.459,20,0.2684,579953.74,0.4672,0
52bbe06f,2.79,0.2954,0.2088,984,0.0282,69248.37,0.2802,0
2ea0f3d9,3.61,0.5145,0.324,177,0.0493,4052.77,0.4406,0
260618d1,0.94,0.5625,0.765,184,0.0784,1737813.23,0.5298,0
d4567c03,4.6,0.7886,0.5629,740,0.0913,194197.14,0.5319,0
0365ccd6,3.95,0.4415,0.4646,3962,0.0387,635.44,0.4075,0
70a13a36,8.24,0.0677,0.4402,299,0.041,10226635.21,0.105,0
20b3f2da,3.66,0.3234,0.5338,2365,0.2051,62472.08,0.5446,0
ea5b38c5,4.94,0.4433,0.3077,46,0.0091,21381708.56,0.2355,0
a36e5f1e,1.83,0.2771,0.5185,491,0.0568,346185.05,0.2436,0
8bc291ee,1.9,0.5439,0.1452,179,0.1753,108514.67,0.2852,0
6475d73c,1.04,0.1432,0.3135,616,0.2199,234964.44,0.1045,0
3529b80b,1.85,0.8122,0.8077,259,0.0171,39397.46,0.6084,1
69fc56b2,2.63,0.3056,0.2836,54,0.1792,183987.08,0.3249,0
635fea4d,7.7,0.1491,0.0322,107,0.0625,9076881.7,0.2159,0
89cffa7d,1.61,0.1946,0.123,34,0.1105,26977.41,0.113,0
bbe286cf,12.51,0.708,0.186,57,0.1189,472942.65,0.4055,0
6f2bb346,5.25,0.2034,0.5439,829,0.0383,38579.73,0.4222,0
a17a575d,4.52,0.4653,0.6878,277,0.2027,116289.5,0.3219,0
7759756d,3.45,0.7495,0.1262,570,0.0698,8479997.12,0.3874,0
02fe42b5,2.97,0.1859,0.7513,6145,0.1668,466458.17,0.2956,0
4526f1cb,2.09,0.6946,0.5776,259,0.1763,723131.99,0.5838,0
e84126c6,0.9,0.5744,0.4583,1045,0.0873,187529.75,0.3952,0
157c4a3e,1.66,0.0723,0.2321,421,0.0296,35711289.13,0.307,0
ccedc483,9.61,0.5455,0.5878,25439,0.0794,24360.6,0.7093,1
ee519cbe,5.03,0.66,0.7251,4,0.0278,6913.67,0.5692,0
194f6e96,9.55,0.0608,0.762,137,0.0211,4742263.77,0.3032,0
2eb6af0e,2.05,0.3586,0.4222,1076,0.0425,75874.27,0.3869,0
2502d758,1.34,0.3932,0.7132,130,0.0139,369726.25,0.51,0
9b424ac1,3.42,0.2853,0.3002,943,0.0785,5038993.9,0.4221,0
02307dbd,1.71,0.2835,0.412,369,0.2736,379692.76,0.4346,0
b4a4a96f,3.97,0.1292,0.6242,1476,0.0366,14099311.77,0.2137,0
7aa4e4b0,0.71,0.4611,0.7316,74,0.0749,213713.52,0.4815,0
ceffc425,0.5,0.0126,0.3529,523,0.0479,39487.77,0.1293,0
99f55d8c,4.4,0.3878,0.2449,812,0.0465,1470.02,0.3818,0
df781159,9.79,0.3266,0.6422,492,0.06,296883.44,0.5403,0
2df9c16a,4.54,0.3323,0.6699,505,0.0312,1857.8,0.4506,0
aff53943,4.99,0.5291,0.6239,2450,0.0504,311538.9,0.5015,0
7dbb43c2,3.53,0.3528,0.1509,32,0.0651,3014897.38,0.4046,0
3810a69a,3.79,0.4353,0.8989,487,0.0452,157295.05,0.555,0
27ff3e75,0.85,0.33,0.5425,66,0.0919,238044.42,0.3618,0
08c29ba4,1.77,0.2598,0.5833,1257,0.0341,1015944.62,0.2863,0
8e2c05ba,7.65,0.3609,0.7519,115,0.0408,620988.9,0.5069,0
bd501439,2.58,0.6708,0.7634,10,0.0731,1657791.71,0.6867,1
623b2d95,7.55,0.4873,0.7987,1303,0.031,156630.18,0.4117,0
cfca3376,3.71,0.024,0.3288,270,0.0996,1803.94,0.2884,0
28f3222a,3.85,0.4946,0.8224,689,0.0496,1710053.79,0.6143,1
e3a7db21,2.6,0.5369,0.5888,3431,0.0388,100951.57,0.6503,1
d385a4b9,5.52,0.0639,0.4,704,0.0565,28076.68,0.3616,0
964f6827,6.46,0.5602,0.4196,520,0.0287,318657.07,0.4559,0
49194fd2,1.69,0.3951,0.619,376,0.1249,236353.45,0.454,0
f407041b,0.94,0.8212,0.477,72,0.065,36354.57,0.4194,0
caf959fb,0.5,0.1966,0.6336,292,0.0641,12441.98,0.4291,0
68ad096f,4.82,0.4695,0.5487,7792,0.0113,415330.85,0.3351,0
a139cabf,4.44,0.2811,0.3685,230,0.0218,29740.25,0.2605,0
61377472,14.8,0.7085,0.769,319,0.0703,204590.76,0.7183,1
f9c3d286,3.55,0.3434,0.8689,2659,0.309,343482.25,0.655,1
3c261ae1,3.08,0.7463,0.4677,40,0.0785,1128446.32,0.4574,0
6ce6928b,4.07,0.1177,0.6079,1023,0.0273,11276226.35,0.2984,0
a732bf0d,4.23,0.4123,0.6219,37,0.0342,261559.85,0.3698,0
364e2e08,2.9,0.4778,0.67,734,0.0444,69513.56,0.4173,0
9acbd52f,1.74,0.55,0.9547,390,0.0168,4487793.95,0.5184,0
668874ae,3.41,0.7117,0.6013,1011,0.1024,1324023.09,0.5056,0
2d358252,3.31,0.4414,0.1468,88,0.0348,227923.67,0.245,0
42979c9e,3.27,0.0904,0.7771,181,0.0485,261182.3,0.1709,0
e7d041fb,5.92,0.2337,0.2588,1092,0.0359,171754.85,0.3579,0
6588fc70,3.36,0.1412,0.5129,188,0.0316,225127.69,0.3681,0
675fa48c,0.96,0.8096,0.4342,1253,0.0379,132756.15,0.6356,1
33d555b6,1.99,0.4124,0.3649,552,0.0279,23163.64,0.4214,0
11c29591,2.87,0.2964,0.37,207,0.0182,165668.97,0.3881,0
0032976c,3.48,0.466,0.5469,251,0.1741,5468683.31,0.4858,0
a16487aa,4.9,0.5109,0.8497,406,0.0883,31822.09,0.3449,0
9ef16ba9,3.5,0.4184,0.6998,290,0.0196,94604.22,0.4587,0
c0d90214,0.5,0.5019,0.2307,1206,0.0237,27341.51,0.3374,0
424abb94,1.08,0.5977,0.4523,231,0.0718,1647327.1,0.525,0
705b98ac,5.13,0.1872,0.4895,171,0.0198,855471.67,0.3901,0
e4559a3f,2.81,0.4251,0.1999,1580,0.0756,12624.24,0.3159,0
3f771fd0,3.73,0.4617,0.3309,214,0.0498,2872.89,0.5274,0
4a57c61e,2.54,0.6196,0.8888,179,0.014,919331.78,0.6256,1
24a049a7,1.99,0.6164,0.8922,10,0.0664,11175.35,0.4976,0
db8e68b2,2.61,0.2534,0.4375,85,0.0302,853015.26,0.3502,0
1e98da47,3.77,0.1207,0.4382,115,0.0863,45426.64,0.2777,0
d90206b6,3.34,0.3695,0.5508,179,0.0962,653435.65,0.3959,0
138c186f,6.44,0.4943,0.4562,137,0.0168,395629.27,0.2037,0
1d4d7e57,0.78,0.6897,0.4346,1763,0.0466,55664.16,0.3586,0
18a727f4,0.9,0.1701,0.5042,126,0.0179,28057.63,0.2047,0
fd9979bc,2.79,0.0877,0.4098,141,0.0454,514830.72,0.3048,0
fc37d4da,4.94,0.1932,0.3534,510,0.0612,40734.41,0.1427,0
d9b34642,5.7,0.0836,0.6095,77,0.0266,1495484.03,0.2721,0
918406c7,2.06,0.4826,0.2708,4213,0.0179,30800.93,0.3039,0
ec3aa1ea,0.5,0.4469,0.1541,1344,0.0504,327977.62,0.3269,0
297ef121,2.11,0.5443,0.6841,70,0.0779,74577.27,0.4802,0
8e12b4a1,4.45,0.1955,0.5775,1845,0.0945,164625.46,0.3252,0
75000f31,3.29,0.5893,0.1936,2521,0.0198,40092.56,0.3269,0
d6844a86,5.06,0.2187,0.6457,73,0.0242,113867.09,0.2808,0
021df5f9,7.48,0.4745,0.7689,70,0.015,969.23,0.4112,0
6f857e35,2.94,0.8432,0.0936,161,0.0347,32021.25,0.368,0
16ba1109,2.31,0.1986,0.4821,48,0.043,50250.54,0.3996,0
ae784881,1.53,0.2373,0.289,125,0.0556,140962.18,0.1526,0
22a7bd5e,0.9,0.2134,0.5283,221,0.02,2161652.51,0.4919,0
f527a981,0.66,0.262,0.6858,859,0.0403,40317.42,0.2411,0
addde110,1.89,0.2329,0.5018,456,0.0213,2752362.84,0.437,0
e6c20991,6.8,0.283,0.2896,323,0.0342,29061.3,0.2763,0
d7792769,5.41,0.3296,0.7443,195,0.028,17743.17,0.3242,0
4d826edf,2.23,0.5116,0.5766,57,0.0508,3757.72,0.5024,0
8ada9699,12.58,0.6258,0.359,980,0.0133,547747.28,0.542,0
9da7daeb,2.0,0.5093,0.5965,948,0.0316,193308.93,0.4501,0
04bdde48,7.95,0.3841,0.7368,160,0.098,486539.05,0.4593,0
5a36dc73,9.21,0.0734,0.1673,77,0.0439,211766.89,0.1968,0
f227e25a,4.67,0.8104,0.7581,4164,0.2853,159788.39,0.6571,1
2a7fd528,1.87,0.4157,0.5457,584,0.0077,287462.44,0.0711,0
9c97e721,2.48,0.3959,0.0324,732,0.0461,12054785.37,0.1208,0
a178d12c,3.83,0.6704,0.3251,781,0.1638,63077.76,0.4902,0
03712aee,0.92,0.3104,0.6618,66,0.0489,9905932.83,0.4892,0
77405ded,1.4,0.3922,0.6808,3823,0.0341,895131.82,0.5951,0
ba1ec46f,1.3,0.5568,0.7624,220,0.0303,337863.02,0.3778,0
aa2739dc,4.92,0.6476,0.3954,1384,0.0651,493390.95,0.5029,0
44a48f4c,7.43,0.3573,0.8411,3596,0.1016,272.8,0.2825,0
181c4286,5.56,0.4306,0.8538,456,0.0335,96439.66,0.4683,0
08783d20,6.62,0.7227,0.7098,69,0.0132,42596.75,0.614,1
a67077ac,1.74,0.3743,0.7507,10,0.1163,11125904.17,0.398,0
616c299a,2.57,0.3362,0.2003,381,0.0985,82224.02,0.2605,0
6685ee94,2.73,0.4706,0.7425,587,0.0091,153338.02,0.4627,0
3347410e,4.65,0.3118,0.4949,169,0.0302,148436.5,0.4846,0
07827408,1.93,0.4231,0.5153,494,0.0296,11931.47,0.3435,0
7aa9baac,6.35,0.5067,0.5383,769,0.0923,53080.07,0.4792,0
0917c885,9.04,0.5536,0.1823,1792,0.0922,833839.17,0.6087,1
4c577fb0,4.82,0.21,0.3083,286,0.0658,2290.18,0.2497,0
a4039631,2.48,0.4051,0.8115,377,0.0123,303368.88,0.2905,0
c4e8ac7a,1.6,0.5797,0.166,309,0.0672,26823.68,0.4615,0
a06e37b4,1.3,0.4939,0.7306,424,0.0455,2190932.82,0.5732,0
85e915d0,0.5,0.4359,0.654,187,0.1198,358557.22,0.1888,0
fcd2497a,2.79,0.501,0.3373,185,0.0263,7788.97,0.3223,0
859a8847,2.67,0.1766,0.6281,204,0.1055,70806.75,0.3316,0
d92a40c5,6.09,0.3125,0.3614,510,0.031,403172.61,0.5036,0
a738b566,2.04,0.2358,0.3434,113,0.0519,88618.14,0.264,0
e673302c,2.92,0.4056,0.5226,205,0.0319,217562.33,0.396,0
5e4d530f,4.12,0.6791,0.4505,6081,0.0284,156611.97,0.5316,0
c6a67eb8,4.77,0.2157,0.496,1548,0.0619,921393.22,0.3384,0
de2e8eb0,5.61,0.4017,0.6342,96,0.0768,392044.86,0.5601,0
73ed1a62,3.82,0.2514,0.5316,1476,0.1064,147795.26,0.3081,0
e1e836a1,0.98,0.1903,0.455,1034,0.0665,168692.95,0.2627,0
f38c1d43,4.48,0.4461,0.4753,345,0.0192,18663.63,0.3861,0
0866ce41,1.92,0.181,0.1369,139,0.0322,3062567.03,0.0945,0
a4fc3a06,7.66,0.4465,0.6886,118,0.023,60880758.41,0.6853,1
9d750f8a,3.39,0.4952,0.6441,564,0.2128,84061.29,0.4799,0
4ea6cae1,3.99,0.241,0.6441,113,0.0202,179046.16,0.4369,0
61702c01,15.0,0.393,0.3642,2092,0.0569,1239345.39,0.4232,0
8dc9a240,5.68,0.7917,0.5476,3201,0.0746,1225597.88,0.6692,1
9bbc9295,4.42,0.0635,0.8213,378,0.1041,232494.05,0.4547,0
d1cfa7aa,2.99,0.3279,0.5203,2226,0.0187,23101.71,0.4748,0
44069841,1.07,0.8033,0.5891,218,0.0229,6176841.86,0.712,1
b2201fa3,2.82,0.4836,0.6738,138,0.0806,635691.49,0.3914,0
4deb9318,1.58,0.6229,0.6683,2102,0.0182,252988.12,0.4906,0
848a4dba,9.77,0.6769,0.4865,4315,0.0429,38343.67,0.4814,0
d456bad5,4.46,0.6317,0.7087,7667,0.1085,182756.57,0.5769,0
4573a3a0,7.48,0.4787,0.5994,664,0.0205,4320.41,0.5263,0
4d93066a,1.99,0.5391,0.7528,1470,0.045,716267.71,0.5743,0
393c9f69,1.69,0.2314,0.6516,643,0.0278,1166442.84,0.5377,0
c5298788,5.3,0.34,0.223,3311,0.0477,257691.39,0.4155,0
b6ad22db,1.53,0.7101,0.7066,773,0.0924,23848.92,0.5242,0
8697d176,2.33,0.7249,0.6429,1350,0.028,401834.33,0.43,0
fd5e8a75,10.08,0.4005,0.1625,73,0.0706,786003.16,0.4486,0
347a562f,2.4,0.4129,0.2962,285,0.0045,36810.09,0.2956,0
f768de02,0.85,0.2286,0.2432,1367,0.0411,1053875.04,0.3765,0
e1c018b7,0.54,0.5267,0.5274,1195,0.0209,464647.75,0.3845,0
daa37ecf,0.74,0.0687,0.3872,1554,0.0082,94086.27,0.3734,0
cf43625d,7.77,0.2279,0.3216,483,0.0332,53353.18,0.3754,0
1aeb1c2c,2.1,0.4565,0.3493,152,0.0632,113806.03,0.438,0
a04309da,15.0,0.4031,0.6885,369,0.1391,23357.29,0.5932,0
6c9227c8,9.11,0.4233,0.2986,433,0.0109,273901.95,0.3135,0
249d26b0,11.66,0.3502,0.3467,580,0.0408,497310.09,0.4004,0
3f09bdc9,6.74,0.0858,0.6642,94,0.0341,1684860.26,0.2243,0
88ab6ac6,5.11,0.6965,0.7028,271,0.022,295049.14,0.5625,0
634e8072,1.64,0.2825,0.7173,353,0.0306,355982.03,0.2398,0
9c9b6704,3.32,0.4122,0.8378,14,0.0363,95223.74,0.44,0
ed517e86,5.47,0.7339,0.1919,1406,0.0719,28333.29,0.0786,0
02d568d5,6.46,0.5967,0.5864,516,0.0152,68881.03,0.5772,0
ae4d372d,1.17,0.7547,0.1253,601,0.0256,2831003.0,0.2823,0
b9e80b30,2.86,0.2954,0.5105,186,0.0124,578481.52,0.2493,0
7cdf5104,3.12,0.2968,0.7689,972,0.0431,367616.06,0.5749,0
cb286d6a,3.03,0.6617,0.241,116,0.0475,4312.44,0.3807,0
11196f07,1.33,0.3885,0.7372,147,0.0402,304256.58,0.4913,0
74d85394,10.78,0.2323,0.8562,1035,0.0789,11391.64,0.3976,0
8bdc7206,2.78,0.7883,0.2437,689,0.0435,13137.98,0.5159,0
c13ec6e0,1.42,0.2609,0.5462,59,0.0485,16437.08,0.2749,0
ffee7d1a,10.95,0.3815,0.5322,4299,0.0199,34694.38,0.5084,0
9985aa15,9.12,0.3765,0.9186,129,0.1159,861800.41,0.6917,1
6636cb10,3.71,0.5079,0.4314,331,0.0919,256064.4,0.2978,0
3d1983ec,2.27,0.2334,0.1481,5542,0.0625,24678.99,0.3759,0
8ec4084a,0.68,0.0643,0.6721,18,0.0139,50945.81,0.268,0
fd35d73b,4.84,0.4805,0.8,31,0.0297,440924.46,0.4412,0
307aa430,2.14,0.4524,0.8388,783,0.073,657114.97,0.3907,0
57f1dfae,3.26,0.134,0.3415,10,0.0284,212620.97,0.1876,0
186e2942,10.32,0.3535,0.4081,19,0.0153,16399.71,0.2704,0
14d262e4,2.01,0.1323,0.731,2351,0.0875,71321.13,0.494,0
46f06498,4.7,0.5442,0.2787,218,0.0126,19038674.7,0.4153,0
d56df121,5.73,0.1454,0.5733,10874,0.0594,14447.14,0.3284,0
466574bd,7.61,0.4932,0.4261,85,0.0484,344505.64,0.2768,0
295b521d,3.08,0.5477,0.3276,250,0.2864,11315295.93,0.3965,0
07e090f2,2.83,0.384,0.4732,908,0.0323,94186.44,0.5043,0
81fd154c,2.78,0.7644,0.2335,818,0.0172,6373171.08,0.4626,0
aa045666,4.37,0.0284,0.8192,275,0.0395,41135.66,0.3175,0
cccfcde5,8.86,0.6129,0.4533,153,0.0348,3134.45,0.6218,1
f8564020,2.68,0.4555,0.4329,571,0.0408,51095.11,0.3379,0
4d9b9d08,0.5,0.6157,0.1994,3182,0.1061,35760.17,0.2994,0
dd4248af,6.18,0.7396,0.4829,1267,0.0515,5765.48,0.5538,0
7c625fef,3.51,0.3853,0.2281,156,0.0188,70622.36,0.3367,0
e520400f,4.85,0.3714,0.1999,91,0.0698,1181142.04,0.2568,0
520c57bc,0.71,0.7218,0.3226,143,0.0664,49600.67,0.3067,0
9448c3cc,2.15,0.2665,0.1261,60,0.0845,76725.83,0.3636,0
adee7e0d,5.83,0.5369,0.224,503,0.0568,2523146.54,0.3663,0
d4f2d97d,1.03,0.4799,0.5392,1367,0.1152,36441.3,0.2749,0
4a9fe4f2,4.69,0.6977,0.4233,362,0.0666,561212.68,0.5001,0
e23b2d18,3.24,0.0956,0.2862,5322,0.0218,5351.51,0.3594,0
16576647,1.77,0.0893,0.5702,5786,0.0401,23569.67,0.3076,0
3728469c,1.65,0.294,0.6329,640,0.0767,106206.21,0.4333,0
b8d84215,1.34,0.3802,0.6411,1156,0.1178,1827098.27,0.3365,0
27013010,3.5,0.4669,0.7631,105,0.0816,26236.84,0.5074,0
114cbb0d,3.81,0.2064,0.3843,235,0.0873,25613.64,0.1985,0
3f7f1ecb,2.47,0.0653,0.529,2720,0.0247,280605.48,0.3497,0
b268f5f3,1.26,0.8715,0.5484,169,0.0579,386842.53,0.5917,0
2328ead5,4.59,0.2884,0.3582,3756,0.2309,20512.79,0.3983,0
cd3a6f8b,6.25,0.6563,0.703,2141,0.0336,57308.75,0.4464,0
7c1347c3,5.2,0.1963,0.7945,1246,0.0197,1430195.43,0.3228,0
daca8521,11.97,0.3532,0.1691,69,0.027,15367.06,0.4955,0
6ec91819,2.88,0.1463,0.6408,253,0.0677,322208.29,0.2609,0
0303f2b6,8.29,0.8018,0.8169,1060,0.1255,57810.92,0.7475,1
c40568aa,1.93,0.2695,0.3341,92,0.1776,2690298.83,0.322,0
37088ff8,1.67,0.1155,0.5767,303,0.0302,519612.96,0.2023,0
d382ea20,3.66,0.7154,0.5771,1247,0.2769,947067.63,0.5206,0
55c4f358,9.53,0.2887,0.4144,172,0.0221,55538.51,0.5439,0
4952fb1a,2.64,0.7087,0.543,113,0.0264,846639.54,0.8206,1
b4e92914,0.71,0.5776,0.6061,27,0.0478,803678.04,0.3745,0
cb5eb4b4,6.17,0.4823,0.865,226,0.0248,459998.15,0.4883,0
e51dabdb,3.14,0.5309,0.5756,1287,0.0065,92483.12,0.2916,0
fceb5766,4.17,0.2719,0.8902,109,0.0761,225305.08,0.2662,0
4a9b5881,1.74,0.271,0.387,414,0.06,4002.13,0.1994,0
5676bf88,3.63,0.4158,0.5307,288,0.0919,5487642.13,0.3842,0
9d72bea5,0.83,0.6045,0.5497,148,0.0805,48637.73,0.4138,0
040d089b,10.89,0.4053,0.6593,1417,0.0121,83307.89,0.588,0
9b4e44ed,6.97,0.0628,0.3654,4738,0.0912,11665.64,0.3515,0
9990dbc9,3.51,0.5069,0.8373,1820,0.1328,625176.78,0.6263,1
0493f0ca,6.06,0.3393,0.5701,142,0.0915,469029.1,0.3493,0
469fb010,1.93,0.4129,0.3888,8011,0.0599,90126.31,0.3946,0
f82a5b2a,6.76,0.3609,0.2678,1812,0.1311,1526.38,0.3285,0
3a37bfaa,2.54,0.3483,0.2823,203,0.0171,39217.92,0.161,0
c94c52ee,2.4,0.397,0.2435,126,0.0706,408417.57,0.1086,0
c7b8e9b5,1.43,0.6235,0.2489,2168,0.0064,269101.31,0.3301,0
4d52c0e7,4.55,0.1674,0.7222,524,0.0152,148389.68,0.1308,0
17a7a009,3.4,0.326,0.1608,113,0.0453,69710.39,0.1467,0
046ea97a,8.47,0.1439,0.5588,323,0.1372,6924.07,0.4203,0
bf396a3e,1.27,0.3476,0.2836,219,0.0451,1118770.69,0.321,0
ebe96eab,4.57,0.4101,0.5091,117,0.032,9133.99,0.3653,0
ca9e81cb,7.44,0.1903,0.4792,1848,0.0554,108174.55,0.5069,0
07ac7bac,3.86,0.467,0.3463,1303,0.0533,20541.82,0.3109,0
40fe37fc,2.5,0.4803,0.47,1419,0.0399,1187522.01,0.4995,0
f392e7f2,3.79,0.2249,0.5402,1390,0.0186,521286.31,0.2944,0
b136c6dc,8.02,0.393,0.5339,102,0.0692,79665.78,0.4454,0
9850b888,8.02,0.0722,0.6574,163,0.1682,648468.25,0.3985,0
78709307,3.04,0.1954,0.2568,3597,0.0398,8238.07,0.3087,0
aaf16643,7.93,0.2894,0.5426,474,0.0493,138829.81,0.3762,0
bb2d7ef9,3.27,0.2725,0.6126,44,0.0573,19737.45,0.356,0
ff2582ff,6.01,0.1054,0.6128,559,0.0461,1264423.18,0.411,0
8b864965,4.95,0.1507,0.2737,1077,0.0272,344062.64,0.1583,0
ba2902d6,2.42,0.3111,0.6971,885,0.0874,597127.56,0.5117,0
c18675f4,1.47,0.6554,0.3136,99,0.0446,53826.2,0.2406,0
b68242ee,7.57,0.5885,0.5967,6837,0.0772,721885.7,0.4907,0
42aa85a1,9.01,0.3782,0.5123,42,0.0847,17431.59,0.419,0
b258acf0,4.49,0.5188,0.526,476,0.0231,23224.16,0.4887,0
b6ffd4c2,3.27,0.659,0.3882,5458,0.0418,114655.48,0.5006,0
c7439cf7,1.12,0.143,0.7578,980,0.0242,25098.26,0.376,0
876300f5,7.44,0.7153,0.2103,1414,0.0372,672804.3,0.3636,0
9bb3c4e7,4.12,0.5822,0.6858,83,0.0565,63138.59,0.4145,0
02a11db6,2.71,0.5997,0.1484,679,0.022,18744.98,0.1364,0
255e2eae,6.13,0.1482,0.6721,382,0.1088,14467.16,0.279,0
34b9f153,0.93,0.28,0.5769,74,0.0362,656571.35,0.1894,0
2d2729f5,1.36,0.6225,0.3651,1477,0.0688,1004.1,0.3925,0
b12e5c0c,1.87,0.4082,0.1169,118,0.0243,21545.5,0.4807,0
6211b1bd,4.84,0.426,0.2284,141,0.0483,2692039.3,0.4231,0
4d8a6159,3.82,0.6521,0.298,772,0.0609,81737.92,0.2001,0
a6cfa767,5.26,0.3172,0.8514,325,0.0496,682082.83,0.3197,0
5a0d3771,7.1,0.5069,0.4875,520,0.0383,382696.93,0.3357,0
d9041b0e,5.39,0.7082,0.4155,297,0.151,111107.27,0.3117,0
1070004f,11.04,0.75,0.7981,3360,0.0507,5896.88,0.6423,1
78b2f977,7.09,0.2257,0.6711,101,0.1034,11478.83,0.4024,0
2f979d2f,3.03,0.2984,0.318,201,0.0738,11098.45,0.1575,0
3bb40cf2,2.13,0.5576,0.2922,830,0.1187,426813.09,0.3781,0
c063f981,3.1,0.7784,0.4067,92,0.3071,621046.44,0.5183,0
36f82deb,5.52,0.2091,0.6062,86,0.0207,28067.59,0.4045,0
05e99fd3,2.33,0.5492,0.1688,496,0.0422,139031.57,0.3561,0
a5ce1658,5.63,0.3634,0.7588,1482,0.0229,165417.75,0.515,0
ce5cb4de,5.19,0.6844,0.5904,1802,0.071,190306.32,0.5447,0
725b14c2,1.45,0.2364,0.4914,463,0.0407,35455.25,0.208,0
1264215e,7.0,0.6881,0.3179,147,0.0982,4308546.63,0.3968,0
d57b71f1,4.37,0.6051,0.5135,610,0.0166,631433.79,0.3441,0
0f5a2b3a,10.69,0.3144,0.406,943,0.0087,188370.78,0.5774,0
21190b9f,3.28,0.1015,0.3586,598,0.0467,57661.19,0.1218,0
83471b5a,2.61,0.5059,0.1633,2569,0.0171,30725.96,0.4405,0
cc7a7e98,1.29,0.3581,0.7955,88,0.0828,360695.79,0.2628,0
ab4ea5ac,1.27,0.0815,0.6428,142,0.0301,63098.73,0.351,0
1b4b1595,6.44,0.7006,0.5452,2086,0.0258,212662.96,0.6479,1
455ab950,9.99,0.3402,0.7246,44,0.0538,3645.97,0.544,0
ac703691,3.07,0.6902,0.5177,180,0.025,56410.6,0.349,0
92c5d27e,2.92,0.5133,0.4473,135,0.2245,130852.26,0.4275,0
15baa94c,3.52,0.686,0.1718,39,0.1606,1127625.24,0.3177,0
63ca0e35,7.32,0.0341,0.3463,305,0.0468,25728.43,0.1828,0
91e98624,1.47,0.4272,0.6088,1236,0.017,8335.96,0.4033,0
af49e512,3.99,0.8224,0.6814,510,0.0781,396108.93,0.6696,1
a1d8ac1d,6.54,0.2245,0.2477,1339,0.059,143184.19,0.2755,0
b626a602,4.8,0.4344,0.962,2411,0.174,5197.6,0.5866,0
dd671fb8,0.5,0.1651,0.8261,226,0.04,5742.68,0.2348,0
eb4f0adb,5.41,0.7894,0.3382,21381,0.0275,44633.87,0.4355,0
00e609b7,4.84,0.3151,0.7109,240,0.053,137654.92,0.3858,0
afc8b3b3,8.29,0.4263,0.5607,293,0.0255,2619699.72,0.4462,0
919f0ecc,9.47,0.4206,0.3065,140,0.1117,18726.99,0.4548,0
7ee1aae2,8.01,0.5343,0.2779,914,0.0164,478089.99,0.313,0
c370d9b0,3.53,0.2346,0.6581,261,0.0129,3223.74,0.5529,0
10a9737d,0.67,0.5078,0.6003,358,0.0538,335012.05,0.2433,0
7d699fcf,2.9,0.3819,0.2507,297,0.0813,3312354.06,0.3625,0
fffb968d,3.45,0.0924,0.5697,287,0.1025,216081.18,0.288,0
d80f9c3a,9.9,0.0649,0.6508,512,0.0194,42773.36,0.3134,0
8013d587,1.76,0.4657,0.4055,205,0.0803,1914701.53,0.3612,0
04a69cd2,0.95,0.0683,0.4978,220,0.0491,327015.77,0.3258,0
05988d25,2.34,0.3614,0.433,2017,0.0522,221281.12,0.4649,0
5d9cb344,1.85,0.1903,0.6036,260,0.1341,21258.97,0.3029,0
